	target_id	transcript_version	ens_gene	ext_gene_x	description	transcript_biotype	pval	qval	b	se_b	mean_obs	var_obs	tech_var	sigma_sq	smooth_sigma_sq	final_sigma_sq	GeneID	Uniprot	Synonyms	Target	PTM	Fluor	Species	Clone	Isotype	Reactivity	Vendor	Cat No	Channel	Expected	Hs_confidence	Hs_signoff	Mm_confidence	Mm_signoff	JRL_bio	SM_notes	SS_list	dil	expt_TON	sample_TON	cyc_TON	ch_TON	dil_TON	eval_TON	TMA_expt	TMA_sample	TMA_cyc	TMA_ch	Unnamed: 32	eval_TMA	other	sample	ch	cycle	note	ext_gene_y
0	ENST00000160262	9.0	ENSG00000076662	ICAM3	intercellular adhesion molecule 3 [Source:HGNC Symbol;Acc:HGNC:5346]	protein_coding	1.26653091712857e-06	0.008333984523192171	5.6769616093645405	1.1717312054081102	4.467728657418889	3.3040413670625495	0.62422141103862	-0.20840707533263603	0.623918605076959	0.623918605076959	ICAM3	P32942		CD50	none	FITC	mouse	CBR-IC3/1	IgG1		Thermo Fisher	BMS111FI	FITC/488		in progress							100	CAJ_AbVal9	TON3	7.0	2.0		NO signal (100)	CAJ_TMA11_13	TMA12	14.0	2.0	CD50	100						ICAM3
1	ENST00000383671	7.0	ENSG00000181847	TIGIT	T cell immunoreceptor with Ig and ITIM domains [Source:HGNC Symbol;Acc:HGNC:26838]	protein_coding	1.20701234048889e-05	0.0397117118457016	5.30044847474779	1.21116638220507	4.12544234193805	3.26913850693942	0.44552326382603497	0.348998912222188	0.888044013795531	0.888044013795531				TIGIT	none	none	rabbit	polyclonal	IgG		Abcam	ab233404	primary, rabbit		in progress							x	CAJ_AbVal11	TON1	3.0	2.0	50		CAJ_TMA11_13	TMA12	3.0	2.0	TIGIT	50						TIGIT
2	ENST00000315491	11.0	ENSG00000258947	TUBB3	tubulin beta 3 class III [Source:HGNC Symbol;Acc:HGNC:20772]	protein_coding	5.2308844082827296e-05	0.13323906278929698	4.4036650073119805	1.08865151849001	4.25008137684794	2.47248932683365	0.29436993896527597	0.494025727554535	0.7830501780443659	0.7830501780443659			TUJ1	TUBB3	none	Alexa Fluor 647	mouse	2G10	IgG2a	Rt	Abcam	ab195880	647/Cy5		in progress		Level 2					x	CAJ_AbVal6	TON1	9.0	4.0			CAJ_TMA2_4	TMA3	12.0	4.0								TUBB3
